{
  "fio version" : "fio-3.28",
  "timestamp" : 1717424302,
  "timestamp_ms" : 1717424302923,
  "time" : "Mon Jun  3 14:18:22 2024",
  "jobs" : [
    {
      "jobname" : "write_iops",
      "groupid" : 0,
      "error" : 0,
      "eta" : 0,
      "elapsed" : 63,
      "job options" : {
        "name" : "write_iops",
        "directory" : "/data/BS/userdata/nilo/projects/storage-tests",
        "size" : "100M",
        "runtime" : "60s",
        "ramp_time" : "2s",
        "ioengine" : "libaio",
        "direct" : "1",
        "verify" : "0",
        "bs" : "4K",
        "iodepth" : "64",
        "rw" : "randwrite",
        "group_reporting" : "1"
      },
      "read" : {
        "io_bytes" : 0,
        "io_kbytes" : 0,
        "bw_bytes" : 0,
        "bw" : 0,
        "iops" : 0.000000,
        "runtime" : 0,
        "total_ios" : 0,
        "short_ios" : 0,
        "drop_ios" : 0,
        "slat_ns" : {
          "min" : 0,
          "max" : 0,
          "mean" : 0.000000,
          "stddev" : 0.000000,
          "N" : 0
        },
        "clat_ns" : {
          "min" : 0,
          "max" : 0,
          "mean" : 0.000000,
          "stddev" : 0.000000,
          "N" : 0
        },
        "lat_ns" : {
          "min" : 0,
          "max" : 0,
          "mean" : 0.000000,
          "stddev" : 0.000000,
          "N" : 0
        },
        "bw_min" : 0,
        "bw_max" : 0,
        "bw_agg" : 0.000000,
        "bw_mean" : 0.000000,
        "bw_dev" : 0.000000,
        "bw_samples" : 0,
        "iops_min" : 0,
        "iops_max" : 0,
        "iops_mean" : 0.000000,
        "iops_stddev" : 0.000000,
        "iops_samples" : 0
      },
      "write" : {
        "io_bytes" : 37112389632,
        "io_kbytes" : 36242568,
        "bw_bytes" : 618529518,
        "bw" : 604032,
        "iops" : 151007.116548,
        "runtime" : 60001,
        "total_ios" : 9060578,
        "short_ios" : 0,
        "drop_ios" : 0,
        "slat_ns" : {
          "min" : 2675,
          "max" : 256574,
          "mean" : 5552.332999,
          "stddev" : 4722.260765,
          "N" : 9060579
        },
        "clat_ns" : {
          "min" : 30958,
          "max" : 1288060,
          "mean" : 417686.881702,
          "stddev" : 37001.495331,
          "N" : 9060641,
          "percentile" : {
            "1.000000" : 362496,
            "5.000000" : 374784,
            "10.000000" : 378880,
            "20.000000" : 387072,
            "30.000000" : 395264,
            "40.000000" : 403456,
            "50.000000" : 411648,
            "60.000000" : 419840,
            "70.000000" : 432128,
            "80.000000" : 448512,
            "90.000000" : 464896,
            "95.000000" : 477184,
            "99.000000" : 501760,
            "99.500000" : 522240,
            "99.900000" : 757760,
            "99.950000" : 847872,
            "99.990000" : 1044480
          }
        },
        "lat_ns" : {
          "min" : 37741,
          "max" : 1300633,
          "mean" : 423332.707005,
          "stddev" : 37473.315616,
          "N" : 9060641
        },
        "bw_min" : 592520,
        "bw_max" : 616456,
        "bw_agg" : 100.000000,
        "bw_mean" : 604650.841667,
        "bw_dev" : 4994.670354,
        "bw_samples" : 120,
        "iops_min" : 148130,
        "iops_max" : 154114,
        "iops_mean" : 151162.566667,
        "iops_stddev" : 1248.689819,
        "iops_samples" : 120
      },
      "trim" : {
        "io_bytes" : 0,
        "io_kbytes" : 0,
        "bw_bytes" : 0,
        "bw" : 0,
        "iops" : 0.000000,
        "runtime" : 0,
        "total_ios" : 0,
        "short_ios" : 0,
        "drop_ios" : 0,
        "slat_ns" : {
          "min" : 0,
          "max" : 0,
          "mean" : 0.000000,
          "stddev" : 0.000000,
          "N" : 0
        },
        "clat_ns" : {
          "min" : 0,
          "max" : 0,
          "mean" : 0.000000,
          "stddev" : 0.000000,
          "N" : 0
        },
        "lat_ns" : {
          "min" : 0,
          "max" : 0,
          "mean" : 0.000000,
          "stddev" : 0.000000,
          "N" : 0
        },
        "bw_min" : 0,
        "bw_max" : 0,
        "bw_agg" : 0.000000,
        "bw_mean" : 0.000000,
        "bw_dev" : 0.000000,
        "bw_samples" : 0,
        "iops_min" : 0,
        "iops_max" : 0,
        "iops_mean" : 0.000000,
        "iops_stddev" : 0.000000,
        "iops_samples" : 0
      },
      "sync" : {
        "total_ios" : 0,
        "lat_ns" : {
          "min" : 0,
          "max" : 0,
          "mean" : 0.000000,
          "stddev" : 0.000000,
          "N" : 0
        }
      },
      "job_runtime" : 60000,
      "usr_cpu" : 10.836667,
      "sys_cpu" : 72.295000,
      "ctx" : 2019992,
      "majf" : 0,
      "minf" : 66,
      "iodepth_level" : {
        "1" : 0.000000,
        "2" : 0.000000,
        "4" : 0.000000,
        "8" : 0.000000,
        "16" : 0.000000,
        "32" : 0.000000,
        ">=64" : 100.000000
      },
      "iodepth_submit" : {
        "0" : 0.000000,
        "4" : 100.000000,
        "8" : 0.000000,
        "16" : 0.000000,
        "32" : 0.000000,
        "64" : 0.000000,
        ">=64" : 0.000000
      },
      "iodepth_complete" : {
        "0" : 0.000000,
        "4" : 99.999989,
        "8" : 0.000000,
        "16" : 0.000000,
        "32" : 0.000000,
        "64" : 0.100000,
        ">=64" : 0.000000
      },
      "latency_ns" : {
        "2" : 0.000000,
        "4" : 0.000000,
        "10" : 0.000000,
        "20" : 0.000000,
        "50" : 0.000000,
        "100" : 0.000000,
        "250" : 0.000000,
        "500" : 0.000000,
        "750" : 0.000000,
        "1000" : 0.000000
      },
      "latency_us" : {
        "2" : 0.000000,
        "4" : 0.000000,
        "10" : 0.000000,
        "20" : 0.000000,
        "50" : 0.010000,
        "100" : 0.010000,
        "250" : 0.010000,
        "500" : 98.844721,
        "750" : 1.053575,
        "1000" : 0.072810
      },
      "latency_ms" : {
        "2" : 0.029126,
        "4" : 0.000000,
        "10" : 0.000000,
        "20" : 0.000000,
        "50" : 0.000000,
        "100" : 0.000000,
        "250" : 0.000000,
        "500" : 0.000000,
        "750" : 0.000000,
        "1000" : 0.000000,
        "2000" : 0.000000,
        ">=2000" : 0.000000
      },
      "latency_depth" : 64,
      "latency_target" : 0,
      "latency_percentile" : 100.000000,
      "latency_window" : 0
    }
  ],
  "disk_util" : [
    {
      "name" : "dm-0",
      "read_ios" : 0,
      "write_ios" : 9347427,
      "read_merges" : 0,
      "write_merges" : 0,
      "read_ticks" : 0,
      "write_ticks" : 423616,
      "in_queue" : 423616,
      "util" : 99.943584,
      "aggr_read_ios" : 51,
      "aggr_write_ios" : 9347227,
      "aggr_read_merges" : 0,
      "aggr_write_merge" : 254,
      "aggr_read_ticks" : 4,
      "aggr_write_ticks" : 415567,
      "aggr_in_queue" : 415571,
      "aggr_util" : 99.816478
    },
    {
      "name" : "sda",
      "read_ios" : 51,
      "write_ios" : 9347227,
      "read_merges" : 0,
      "write_merges" : 254,
      "read_ticks" : 4,
      "write_ticks" : 415567,
      "in_queue" : 415571,
      "util" : 99.816478
    }
  ]
}
