{
  "fio version" : "fio-3.28",
  "timestamp" : 1717424240,
  "timestamp_ms" : 1717424240503,
  "time" : "Mon Jun  3 14:17:20 2024",
  "jobs" : [
    {
      "jobname" : "write_throughput",
      "groupid" : 0,
      "error" : 0,
      "eta" : 0,
      "elapsed" : 63,
      "job options" : {
        "name" : "write_throughput",
        "directory" : "/data/BS/userdata/nilo/projects/storage-tests",
        "numjobs" : "4",
        "size" : "100M",
        "runtime" : "60s",
        "ramp_time" : "2s",
        "ioengine" : "libaio",
        "direct" : "1",
        "verify" : "0",
        "bs" : "1M",
        "iodepth" : "64",
        "rw" : "write",
        "group_reporting" : "1"
      },
      "read" : {
        "io_bytes" : 0,
        "io_kbytes" : 0,
        "bw_bytes" : 0,
        "bw" : 0,
        "iops" : 0.000000,
        "runtime" : 0,
        "total_ios" : 0,
        "short_ios" : 0,
        "drop_ios" : 0,
        "slat_ns" : {
          "min" : 0,
          "max" : 0,
          "mean" : 0.000000,
          "stddev" : 0.000000,
          "N" : 0
        },
        "clat_ns" : {
          "min" : 0,
          "max" : 0,
          "mean" : 0.000000,
          "stddev" : 0.000000,
          "N" : 0
        },
        "lat_ns" : {
          "min" : 0,
          "max" : 0,
          "mean" : 0.000000,
          "stddev" : 0.000000,
          "N" : 0
        },
        "bw_min" : 0,
        "bw_max" : 0,
        "bw_agg" : 0.000000,
        "bw_mean" : 0.000000,
        "bw_dev" : 0.000000,
        "bw_samples" : 0,
        "iops_min" : 0,
        "iops_max" : 0,
        "iops_mean" : 0.000000,
        "iops_stddev" : 0.000000,
        "iops_samples" : 0
      },
      "write" : {
        "io_bytes" : 708609835008,
        "io_kbytes" : 692001792,
        "bw_bytes" : 11807408854,
        "bw" : 11530672,
        "iops" : 11256.223548,
        "runtime" : 60014,
        "total_ios" : 675531,
        "short_ios" : 0,
        "drop_ios" : 0,
        "slat_ns" : {
          "min" : 18455,
          "max" : 21509178,
          "mean" : 52525.877113,
          "stddev" : 88320.138433,
          "N" : 675531
        },
        "clat_ns" : {
          "min" : 4432761,
          "max" : 42849809,
          "mean" : 22684632.961980,
          "stddev" : 679537.415393,
          "N" : 675783,
          "percentile" : {
            "1.000000" : 21889024,
            "5.000000" : 22151168,
            "10.000000" : 22151168,
            "20.000000" : 22675456,
            "30.000000" : 22675456,
            "40.000000" : 22675456,
            "50.000000" : 22675456,
            "60.000000" : 22675456,
            "70.000000" : 22675456,
            "80.000000" : 22937600,
            "90.000000" : 22937600,
            "95.000000" : 22937600,
            "99.000000" : 23199744,
            "99.500000" : 23199744,
            "99.900000" : 29229056,
            "99.950000" : 33423360,
            "99.990000" : 38010880
          }
        },
        "lat_ns" : {
          "min" : 4510578,
          "max" : 42900375,
          "mean" : 22737327.837750,
          "stddev" : 672828.377155,
          "N" : 675783
        },
        "bw_min" : 11349672,
        "bw_max" : 11835153,
        "bw_agg" : 100.000000,
        "bw_mean" : 11540827.151260,
        "bw_dev" : 22901.090099,
        "bw_samples" : 476,
        "iops_min" : 11080,
        "iops_max" : 11556,
        "iops_mean" : 11267.747899,
        "iops_stddev" : 22.460675,
        "iops_samples" : 476
      },
      "trim" : {
        "io_bytes" : 0,
        "io_kbytes" : 0,
        "bw_bytes" : 0,
        "bw" : 0,
        "iops" : 0.000000,
        "runtime" : 0,
        "total_ios" : 0,
        "short_ios" : 0,
        "drop_ios" : 0,
        "slat_ns" : {
          "min" : 0,
          "max" : 0,
          "mean" : 0.000000,
          "stddev" : 0.000000,
          "N" : 0
        },
        "clat_ns" : {
          "min" : 0,
          "max" : 0,
          "mean" : 0.000000,
          "stddev" : 0.000000,
          "N" : 0
        },
        "lat_ns" : {
          "min" : 0,
          "max" : 0,
          "mean" : 0.000000,
          "stddev" : 0.000000,
          "N" : 0
        },
        "bw_min" : 0,
        "bw_max" : 0,
        "bw_agg" : 0.000000,
        "bw_mean" : 0.000000,
        "bw_dev" : 0.000000,
        "bw_samples" : 0,
        "iops_min" : 0,
        "iops_max" : 0,
        "iops_mean" : 0.000000,
        "iops_stddev" : 0.000000,
        "iops_samples" : 0
      },
      "sync" : {
        "total_ios" : 0,
        "lat_ns" : {
          "min" : 0,
          "max" : 0,
          "mean" : 0.000000,
          "stddev" : 0.000000,
          "N" : 0
        }
      },
      "job_runtime" : 240050,
      "usr_cpu" : 7.904187,
      "sys_cpu" : 7.724641,
      "ctx" : 669365,
      "majf" : 0,
      "minf" : 249,
      "iodepth_level" : {
        "1" : 0.000000,
        "2" : 0.000000,
        "4" : 0.000000,
        "8" : 0.000000,
        "16" : 0.000000,
        "32" : 0.000000,
        ">=64" : 100.000000
      },
      "iodepth_submit" : {
        "0" : 0.000000,
        "4" : 100.000000,
        "8" : 0.000000,
        "16" : 0.000000,
        "32" : 0.000000,
        "64" : 0.000000,
        ">=64" : 0.000000
      },
      "iodepth_complete" : {
        "0" : 0.000000,
        "4" : 99.999408,
        "8" : 0.000000,
        "16" : 0.000000,
        "32" : 0.000000,
        "64" : 0.100000,
        ">=64" : 0.000000
      },
      "latency_ns" : {
        "2" : 0.000000,
        "4" : 0.000000,
        "10" : 0.000000,
        "20" : 0.000000,
        "50" : 0.000000,
        "100" : 0.000000,
        "250" : 0.000000,
        "500" : 0.000000,
        "750" : 0.000000,
        "1000" : 0.000000
      },
      "latency_us" : {
        "2" : 0.000000,
        "4" : 0.000000,
        "10" : 0.000000,
        "20" : 0.000000,
        "50" : 0.000000,
        "100" : 0.000000,
        "250" : 0.000000,
        "500" : 0.000000,
        "750" : 0.000000,
        "1000" : 0.000000
      },
      "latency_ms" : {
        "2" : 0.000000,
        "4" : 0.000000,
        "10" : 0.069279,
        "20" : 0.124791,
        "50" : 99.843234,
        "100" : 0.000000,
        "250" : 0.000000,
        "500" : 0.000000,
        "750" : 0.000000,
        "1000" : 0.000000,
        "2000" : 0.000000,
        ">=2000" : 0.000000
      },
      "latency_depth" : 64,
      "latency_target" : 0,
      "latency_percentile" : 100.000000,
      "latency_window" : 0
    }
  ],
  "disk_util" : [
    {
      "name" : "dm-0",
      "read_ios" : 0,
      "write_ios" : 696015,
      "read_merges" : 0,
      "write_merges" : 0,
      "read_ticks" : 0,
      "write_ticks" : 15760576,
      "in_queue" : 15760576,
      "util" : 100.000000,
      "aggr_read_ios" : 51,
      "aggr_write_ios" : 698445,
      "aggr_read_merges" : 0,
      "aggr_write_merge" : 122,
      "aggr_read_ticks" : 5,
      "aggr_write_ticks" : 15824556,
      "aggr_in_queue" : 15824561,
      "aggr_util" : 99.774775
    },
    {
      "name" : "sda",
      "read_ios" : 51,
      "write_ios" : 698445,
      "read_merges" : 0,
      "write_merges" : 122,
      "read_ticks" : 5,
      "write_ticks" : 15824556,
      "in_queue" : 15824561,
      "util" : 99.774775
    }
  ]
}
