{
  "fio version" : "fio-3.28",
  "timestamp" : 1717424365,
  "timestamp_ms" : 1717424365660,
  "time" : "Mon Jun  3 14:19:25 2024",
  "jobs" : [
    {
      "jobname" : "read_throughput",
      "groupid" : 0,
      "error" : 0,
      "eta" : 0,
      "elapsed" : 63,
      "job options" : {
        "name" : "read_throughput",
        "directory" : "/data/BS/userdata/nilo/projects/storage-tests",
        "numjobs" : "4",
        "size" : "100M",
        "runtime" : "60s",
        "ramp_time" : "2s",
        "ioengine" : "libaio",
        "direct" : "1",
        "verify" : "0",
        "bs" : "1M",
        "iodepth" : "64",
        "rw" : "read",
        "group_reporting" : "1"
      },
      "read" : {
        "io_bytes" : 782011203584,
        "io_kbytes" : 763682816,
        "bw_bytes" : 13031131019,
        "bw" : 12725713,
        "iops" : 12423.255736,
        "runtime" : 60011,
        "total_ios" : 745532,
        "short_ios" : 0,
        "drop_ios" : 0,
        "slat_ns" : {
          "min" : 11562,
          "max" : 2478374,
          "mean" : 30039.130135,
          "stddev" : 23939.817763,
          "N" : 745532
        },
        "clat_ns" : {
          "min" : 9415178,
          "max" : 29688255,
          "mean" : 20572420.446452,
          "stddev" : 3163625.894280,
          "N" : 745784,
          "percentile" : {
            "1.000000" : 17694720,
            "5.000000" : 17956864,
            "10.000000" : 18481152,
            "20.000000" : 18481152,
            "30.000000" : 18481152,
            "40.000000" : 18481152,
            "50.000000" : 18481152,
            "60.000000" : 18481152,
            "70.000000" : 24510464,
            "80.000000" : 25034752,
            "90.000000" : 25296896,
            "95.000000" : 25296896,
            "99.000000" : 25821184,
            "99.500000" : 25821184,
            "99.900000" : 27131904,
            "99.950000" : 27394048,
            "99.990000" : 27656192
          }
        },
        "lat_ns" : {
          "min" : 9444674,
          "max" : 29720165,
          "mean" : 20602637.178182,
          "stddev" : 3163988.697272,
          "N" : 745784
        },
        "bw_min" : 10202141,
        "bw_max" : 14530170,
        "bw_agg" : 100.000000,
        "bw_mean" : 12727713.235294,
        "bw_dev" : 451330.411624,
        "bw_samples" : 476,
        "iops_min" : 9962,
        "iops_max" : 14186,
        "iops_mean" : 12428.302521,
        "iops_stddev" : 440.917290,
        "iops_samples" : 476
      },
      "write" : {
        "io_bytes" : 0,
        "io_kbytes" : 0,
        "bw_bytes" : 0,
        "bw" : 0,
        "iops" : 0.000000,
        "runtime" : 0,
        "total_ios" : 0,
        "short_ios" : 0,
        "drop_ios" : 0,
        "slat_ns" : {
          "min" : 0,
          "max" : 0,
          "mean" : 0.000000,
          "stddev" : 0.000000,
          "N" : 0
        },
        "clat_ns" : {
          "min" : 0,
          "max" : 0,
          "mean" : 0.000000,
          "stddev" : 0.000000,
          "N" : 0
        },
        "lat_ns" : {
          "min" : 0,
          "max" : 0,
          "mean" : 0.000000,
          "stddev" : 0.000000,
          "N" : 0
        },
        "bw_min" : 0,
        "bw_max" : 0,
        "bw_agg" : 0.000000,
        "bw_mean" : 0.000000,
        "bw_dev" : 0.000000,
        "bw_samples" : 0,
        "iops_min" : 0,
        "iops_max" : 0,
        "iops_mean" : 0.000000,
        "iops_stddev" : 0.000000,
        "iops_samples" : 0
      },
      "trim" : {
        "io_bytes" : 0,
        "io_kbytes" : 0,
        "bw_bytes" : 0,
        "bw" : 0,
        "iops" : 0.000000,
        "runtime" : 0,
        "total_ios" : 0,
        "short_ios" : 0,
        "drop_ios" : 0,
        "slat_ns" : {
          "min" : 0,
          "max" : 0,
          "mean" : 0.000000,
          "stddev" : 0.000000,
          "N" : 0
        },
        "clat_ns" : {
          "min" : 0,
          "max" : 0,
          "mean" : 0.000000,
          "stddev" : 0.000000,
          "N" : 0
        },
        "lat_ns" : {
          "min" : 0,
          "max" : 0,
          "mean" : 0.000000,
          "stddev" : 0.000000,
          "N" : 0
        },
        "bw_min" : 0,
        "bw_max" : 0,
        "bw_agg" : 0.000000,
        "bw_mean" : 0.000000,
        "bw_dev" : 0.000000,
        "bw_samples" : 0,
        "iops_min" : 0,
        "iops_max" : 0,
        "iops_mean" : 0.000000,
        "iops_stddev" : 0.000000,
        "iops_samples" : 0
      },
      "sync" : {
        "total_ios" : 0,
        "lat_ns" : {
          "min" : 0,
          "max" : 0,
          "mean" : 0.000000,
          "stddev" : 0.000000,
          "N" : 0
        }
      },
      "job_runtime" : 240038,
      "usr_cpu" : 0.814038,
      "sys_cpu" : 11.520259,
      "ctx" : 728678,
      "majf" : 0,
      "minf" : 246,
      "iodepth_level" : {
        "1" : 0.000000,
        "2" : 0.000000,
        "4" : 0.000000,
        "8" : 0.000000,
        "16" : 0.000000,
        "32" : 0.000000,
        ">=64" : 100.000000
      },
      "iodepth_submit" : {
        "0" : 0.000000,
        "4" : 100.000000,
        "8" : 0.000000,
        "16" : 0.000000,
        "32" : 0.000000,
        "64" : 0.000000,
        ">=64" : 0.000000
      },
      "iodepth_complete" : {
        "0" : 0.000000,
        "4" : 99.999463,
        "8" : 0.000000,
        "16" : 0.000000,
        "32" : 0.000000,
        "64" : 0.100000,
        ">=64" : 0.000000
      },
      "latency_ns" : {
        "2" : 0.000000,
        "4" : 0.000000,
        "10" : 0.000000,
        "20" : 0.000000,
        "50" : 0.000000,
        "100" : 0.000000,
        "250" : 0.000000,
        "500" : 0.000000,
        "750" : 0.000000,
        "1000" : 0.000000
      },
      "latency_us" : {
        "2" : 0.000000,
        "4" : 0.000000,
        "10" : 0.000000,
        "20" : 0.000000,
        "50" : 0.000000,
        "100" : 0.000000,
        "250" : 0.000000,
        "500" : 0.000000,
        "750" : 0.000000,
        "1000" : 0.000000
      },
      "latency_ms" : {
        "2" : 0.000000,
        "4" : 0.000000,
        "10" : 0.010000,
        "20" : 67.459881,
        "50" : 32.573518,
        "100" : 0.000000,
        "250" : 0.000000,
        "500" : 0.000000,
        "750" : 0.000000,
        "1000" : 0.000000,
        "2000" : 0.000000,
        ">=2000" : 0.000000
      },
      "latency_depth" : 64,
      "latency_target" : 0,
      "latency_percentile" : 100.000000,
      "latency_window" : 0
    }
  ],
  "disk_util" : [
    {
      "name" : "dm-0",
      "read_ios" : 764001,
      "write_ios" : 167,
      "read_merges" : 0,
      "write_merges" : 0,
      "read_ticks" : 15808364,
      "write_ticks" : 1612,
      "in_queue" : 15809976,
      "util" : 99.962838,
      "aggr_read_ios" : 765893,
      "aggr_write_ios" : 83,
      "aggr_read_merges" : 0,
      "aggr_write_merge" : 84,
      "aggr_read_ticks" : 15847165,
      "aggr_write_ticks" : 862,
      "aggr_in_queue" : 15848027,
      "aggr_util" : 99.839001
    },
    {
      "name" : "sda",
      "read_ios" : 765893,
      "write_ios" : 83,
      "read_merges" : 0,
      "write_merges" : 84,
      "read_ticks" : 15847165,
      "write_ticks" : 862,
      "in_queue" : 15848027,
      "util" : 99.839001
    }
  ]
}
