{
  "fio version" : "fio-3.28",
  "timestamp" : 1717424428,
  "timestamp_ms" : 1717424428566,
  "time" : "Mon Jun  3 14:20:28 2024",
  "jobs" : [
    {
      "jobname" : "read_iops",
      "groupid" : 0,
      "error" : 0,
      "eta" : 0,
      "elapsed" : 63,
      "job options" : {
        "name" : "read_iops",
        "directory" : "/data/BS/userdata/nilo/projects/storage-tests",
        "size" : "100M",
        "runtime" : "60s",
        "ramp_time" : "2s",
        "ioengine" : "libaio",
        "direct" : "1",
        "verify" : "0",
        "bs" : "4K",
        "iodepth" : "64",
        "rw" : "randread",
        "group_reporting" : "1"
      },
      "read" : {
        "io_bytes" : 35249934336,
        "io_kbytes" : 34423764,
        "bw_bytes" : 587489114,
        "bw" : 573719,
        "iops" : 143428.892852,
        "runtime" : 60001,
        "total_ios" : 8605877,
        "short_ios" : 0,
        "drop_ios" : 0,
        "slat_ns" : {
          "min" : 2686,
          "max" : 234332,
          "mean" : 6016.056140,
          "stddev" : 4093.719947,
          "N" : 8605878
        },
        "clat_ns" : {
          "min" : 80272,
          "max" : 2512088,
          "mean" : 439748.077254,
          "stddev" : 26079.289422,
          "N" : 8605940,
          "percentile" : {
            "1.000000" : 382976,
            "5.000000" : 395264,
            "10.000000" : 399360,
            "20.000000" : 419840,
            "30.000000" : 428032,
            "40.000000" : 436224,
            "50.000000" : 440320,
            "60.000000" : 448512,
            "70.000000" : 452608,
            "80.000000" : 460800,
            "90.000000" : 468992,
            "95.000000" : 477184,
            "99.000000" : 493568,
            "99.500000" : 501760,
            "99.900000" : 536576,
            "99.950000" : 593920,
            "99.990000" : 856064
          }
        },
        "lat_ns" : {
          "min" : 84219,
          "max" : 2516837,
          "mean" : 445853.166628,
          "stddev" : 26567.694363,
          "N" : 8605940
        },
        "bw_min" : 546821,
        "bw_max" : 629074,
        "bw_agg" : 100.000000,
        "bw_mean" : 574412.275000,
        "bw_dev" : 17742.273313,
        "bw_samples" : 120,
        "iops_min" : 136705,
        "iops_max" : 157268,
        "iops_mean" : 143602.883333,
        "iops_stddev" : 4435.572028,
        "iops_samples" : 120
      },
      "write" : {
        "io_bytes" : 0,
        "io_kbytes" : 0,
        "bw_bytes" : 0,
        "bw" : 0,
        "iops" : 0.000000,
        "runtime" : 0,
        "total_ios" : 0,
        "short_ios" : 0,
        "drop_ios" : 0,
        "slat_ns" : {
          "min" : 0,
          "max" : 0,
          "mean" : 0.000000,
          "stddev" : 0.000000,
          "N" : 0
        },
        "clat_ns" : {
          "min" : 0,
          "max" : 0,
          "mean" : 0.000000,
          "stddev" : 0.000000,
          "N" : 0
        },
        "lat_ns" : {
          "min" : 0,
          "max" : 0,
          "mean" : 0.000000,
          "stddev" : 0.000000,
          "N" : 0
        },
        "bw_min" : 0,
        "bw_max" : 0,
        "bw_agg" : 0.000000,
        "bw_mean" : 0.000000,
        "bw_dev" : 0.000000,
        "bw_samples" : 0,
        "iops_min" : 0,
        "iops_max" : 0,
        "iops_mean" : 0.000000,
        "iops_stddev" : 0.000000,
        "iops_samples" : 0
      },
      "trim" : {
        "io_bytes" : 0,
        "io_kbytes" : 0,
        "bw_bytes" : 0,
        "bw" : 0,
        "iops" : 0.000000,
        "runtime" : 0,
        "total_ios" : 0,
        "short_ios" : 0,
        "drop_ios" : 0,
        "slat_ns" : {
          "min" : 0,
          "max" : 0,
          "mean" : 0.000000,
          "stddev" : 0.000000,
          "N" : 0
        },
        "clat_ns" : {
          "min" : 0,
          "max" : 0,
          "mean" : 0.000000,
          "stddev" : 0.000000,
          "N" : 0
        },
        "lat_ns" : {
          "min" : 0,
          "max" : 0,
          "mean" : 0.000000,
          "stddev" : 0.000000,
          "N" : 0
        },
        "bw_min" : 0,
        "bw_max" : 0,
        "bw_agg" : 0.000000,
        "bw_mean" : 0.000000,
        "bw_dev" : 0.000000,
        "bw_samples" : 0,
        "iops_min" : 0,
        "iops_max" : 0,
        "iops_mean" : 0.000000,
        "iops_stddev" : 0.000000,
        "iops_samples" : 0
      },
      "sync" : {
        "total_ios" : 0,
        "lat_ns" : {
          "min" : 0,
          "max" : 0,
          "mean" : 0.000000,
          "stddev" : 0.000000,
          "N" : 0
        }
      },
      "job_runtime" : 60000,
      "usr_cpu" : 9.391667,
      "sys_cpu" : 88.868333,
      "ctx" : 30025,
      "majf" : 0,
      "minf" : 66,
      "iodepth_level" : {
        "1" : 0.000000,
        "2" : 0.000000,
        "4" : 0.000000,
        "8" : 0.000000,
        "16" : 0.000000,
        "32" : 0.000000,
        ">=64" : 100.000000
      },
      "iodepth_submit" : {
        "0" : 0.000000,
        "4" : 100.000000,
        "8" : 0.000000,
        "16" : 0.000000,
        "32" : 0.000000,
        "64" : 0.000000,
        ">=64" : 0.000000
      },
      "iodepth_complete" : {
        "0" : 0.000000,
        "4" : 99.999988,
        "8" : 0.000000,
        "16" : 0.000000,
        "32" : 0.000000,
        "64" : 0.100000,
        ">=64" : 0.000000
      },
      "latency_ns" : {
        "2" : 0.000000,
        "4" : 0.000000,
        "10" : 0.000000,
        "20" : 0.000000,
        "50" : 0.000000,
        "100" : 0.000000,
        "250" : 0.000000,
        "500" : 0.000000,
        "750" : 0.000000,
        "1000" : 0.000000
      },
      "latency_us" : {
        "2" : 0.000000,
        "4" : 0.000000,
        "10" : 0.000000,
        "20" : 0.000000,
        "50" : 0.000000,
        "100" : 0.010000,
        "250" : 0.010000,
        "500" : 99.483214,
        "750" : 0.496637,
        "1000" : 0.016129
      },
      "latency_ms" : {
        "2" : 0.010000,
        "4" : 0.010000,
        "10" : 0.000000,
        "20" : 0.000000,
        "50" : 0.000000,
        "100" : 0.000000,
        "250" : 0.000000,
        "500" : 0.000000,
        "750" : 0.000000,
        "1000" : 0.000000,
        "2000" : 0.000000,
        ">=2000" : 0.000000
      },
      "latency_depth" : 64,
      "latency_target" : 0,
      "latency_percentile" : 100.000000,
      "latency_window" : 0
    }
  ],
  "disk_util" : [
    {
      "name" : "dm-0",
      "read_ios" : 8886609,
      "write_ios" : 208,
      "read_merges" : 0,
      "write_merges" : 0,
      "read_ticks" : 1281960,
      "write_ticks" : 52,
      "in_queue" : 1282012,
      "util" : 99.962919,
      "aggr_read_ios" : 8886725,
      "aggr_write_ios" : 105,
      "aggr_read_merges" : 0,
      "aggr_write_merge" : 103,
      "aggr_read_ticks" : 1272322,
      "aggr_write_ticks" : 125,
      "aggr_in_queue" : 1272446,
      "aggr_util" : 99.742633
    },
    {
      "name" : "sda",
      "read_ios" : 8886725,
      "write_ios" : 105,
      "read_merges" : 0,
      "write_merges" : 103,
      "read_ticks" : 1272322,
      "write_ticks" : 125,
      "in_queue" : 1272446,
      "util" : 99.742633
    }
  ]
}
